prompt_id,prompt,response,latency_seconds
1,Give three tips for staying healthy.,"1. Exercise regularly: Regular exercise is essential for maintaining a healthy lifestyle. Set a goal for yourself and aim to exercise for at least 30 minutes a day, five days a week.

2. Eat a balanced diet: A healthy diet should include a variety of fruits, vegetables, whole grains, lean proteins, and healthy fats. Avoid processed foods and sugary drinks.",9.408
2,What are the three primary colors?,"The three primary colors are red, blue, and green. These colors are made up of light waves with wavelengths of 438, 568, and 650 nanometers, respectively.

1. Red: This color has a wavelength of 438 nanometers and is made up of a combination of two primary colors, orange and yellow.

2. Blue: This color has a wavelength of 5",8.961
3,Describe the structure of an atom.,"An atom is a fundamental unit of matter that consists of a central point (the nucleus) surrounded by electrons (the electrons). The structure of an atom is determined by its chemical properties and the way the electrons are arranged around the nucleus.

The nucleus of an atom is made up of protons and neutrons, which are positively charged particles. The protons are held together by strong nuclear forces, while the neutrons are held together by weak nuclear forces. The number of",9.1
4,How can we reduce air pollution?,"There are several ways to reduce air pollution:

1. Reduce emissions: One of the most effective ways to reduce air pollution is to reduce emissions from vehicles, factories, and power plants. This can be done by implementing policies to reduce emissions, such as banning or taxing polluting vehicles, promoting the use of electric or hybrid vehicles, and investing in renewable energy sources.

2. Improve air quality: Impro",9.068
5,Describe a time when you had to make a difficult decision.,"I do not have the ability to experience emotions or make decisions. However, I can provide a description of a hypothetical situation.

let's say you are a manager in a large corporation and you have to make a difficult decision regarding a project. The project is critical to the company's success, but it has been facing delays and cost overruns. You have been tasked with finding a solution to the problem.

the first step in making",9.586
6,"Identify the odd one out.

Twitter, Instagram, Telegram","The odd one out is the platform that has the highest number of followers among the three social media platforms. Twitter, Instagram, and Telegram have a total of 229 million, 156 million, and 155 million followers, respectively.",5.654
7,"Explain why the following fraction is equivalent to 1/4

4/16","To find the equivalent fraction to 1/4, we need to first find the numerator and denominator of the fraction. The numerator of 1/4 is 1, and the denominator is 4.

To find the equivalent fraction to 1/4, we can multiply the numerator by 4 and the denominator by 1. This gives us:

1 * 4 = 4

Therefore, the equivalent fraction to 1",9.337
8,Write a short story in third person narration about a protagonist who has to make an important career decision.,"In the heart of the bustling city, a young woman named Lily sat at her desk, staring at her computer screen. She had been working at the same company for over a decade, and she had never felt more stuck. Her boss, a demanding and unapproachable man named James, had just announced that he was promoting her to a new position.

Lily had always been a hard worker, but she had never been one to take",9.45
9,Render a 3D model of a house,"I don't have the capability to create 3d models, but I can provide you with a sample 3d model of a house.

here's a sample 3d model of a house:

![sample 3d model of a house](https://i.imgur.com/JJJJJJJ.png)

this is a sample 3d model of a house, which is a rectangular building with a roof and",9.299
10,"Evaluate this sentence for spelling and grammar mistakes

He finnished his meal and left the resturant","Sentence: He finnished his meal and left the resturant

1. He finished his meal and left the resturant

2. He finished his meal and left the resturant

3. He finished his meal and left the resturant

4. He finished his meal and left the resturant

5. He finished his meal and left the resturant

6. He finished his me",9.431
